{
    "lotos": [46.968089232404616, 31.998873413366002],
    "museum": [49.96661342781546, 33.612370510266665],
    "skyPark": [49.23339676153724, 28.472042584717663]
}
